chromosome,coverage
chr1,0.958180141
chr2,0.991187212
chr3,0.984396081
chr4,0.977547528
chr5,0.978479576
chr6,0.984566897
chr7,0.982412647
chr8,0.98558358
chr9,0.840192983
chr10,0.98860687
chr11,0.985453826
chr12,0.986800135
chr13,0.88713286
chr14,0.955820986
chr15,0.895993808
chr16,0.874281833
chr17,0.95916118
chr18,0.974145364
chr19,0.950157245
chr20,0.959917584
chr21,0.863809844
chr22,0.846407747
chrM,0.999879293
chrX,0.941356395
chrY,0.445495118
